MSFTEnable;@ctigeek Hi Steven, this was improved in recent Windows Insider builds. Here's more information regarding the improvement: https://t.co/s4A4ayqPyZ;positif
forgifuzzbutt;I wonder how painful Windows 11 would be on 1 vCPU and 2GB RAM…;negatif
Monodi;Tried installung our printer to the computer, but apparently there are no Windows 11 drivers;netral
JukkaPaajanen;Want to install #Windows11 on a virtual machine? @DigitalTrends shares an easy method using @VirtualBox. #VM https://t.co/0pSOpz09RS https://t.co/9JhezfwvPI;positif
LeedeMora;God damn it I hate @microsoft #teams, #powerpoint and #windows11. For all the BS people gave google, at least in chrome os you could work offline (or wifi dodgy wifi) on a fricking document - ten years ago.;negatif
SpacedadUNI;How to Create a Local User Account in Windows 11 https://t.co/3uJardWbBI #spacedad;netral
fj_newman;Windows, macOS, Chrome OS, or Linux: Which Operating System Is Best? We break down the top desktop operating systems from Microsoft, Apple, Google, and Ubuntu to help you pick the one that's right for you. New for this update: Windows 11 https://t.co/SVScdtT4ve;positif
vikram0502;✅ How To Fix Windows 11 Black Screen Faulty Hardware Corrupted Page #windows11blackscreen #blackscreenfaulty #blackscreenwindows11 #windows11 #VikramKumarSingh #VTechVideos #VGaming https://t.co/rZIahtLToe;negatif
ITCompany_Co;Did you know Wallpaper stickers are being added to the Windows 11 desktop? #microsoft #windows11 #stickers https://t.co/TsOfkTdSe4;netral
Nav_Dhadwal;@WindowsUK Having upgraded to Windows 11 in my opinion it's a genuine step forward;positif
vikram0502;✅ How To Fix Windows 11 Black Screen Hardware Error #windows11blackscreen #blackscreehardware #blackscreehardwarewindows11 #windows11 #VikramKumarSingh #VTechVideos #VGaming https://t.co/HRdm8u1Tpt;negatif
nathanworks;How to Use and Sideload Android Apps in Windows 11 https://t.co/MKRhHG2bIP;netral
SaaSBrief;Check out this great post: Windows 11 and Android: Rethinking the PC-phone connection https://t.co/ulvGK4Gb0A;positif
tonyvaneyk;What idiot thought it’d be cool to move the start menu button to the centre of the screen 🤨 #Microsoft #Windows11;negatif
MerReine;Yey! Updated by laptop from Windows 10 to Windows 11. 💕;netral
W00tMa5ter;I've been playing with this setting today and it seems to make @UnrealEngine run much better in Windows 11 for me. I'd be interested to hear if others see a difference or if it's just in my head! https://t.co/cNkv4mRoV6;positif
DroppedBars;Computer has been grinding for days, worse since Windows 11 update. I start perusing the Apple store and all of a sudden it's humming along and nice and snappy again... Apparently my computer responds to threats.;negatif
mhrastegari77;@WindowsLatest You’re saying windows 11’s desktop like still there’s windows mobile :)))));netral
MrNoyj;@WindowsUK I see nothing but negative replies here- so thought I’d just step in to say that while I’m a macOS user by choice, I’ve also just upgraded a Windows 10 work machine to Windows 11- and I have to say that it looks great, I prefer it, and I’ve yet to find anything to complain about.;positif
PGriffinJerk;Had to wipe my ssd and roll back to windows 10 because win 11 is garbage still...;negatif
tonyisawesome89;@dopeboydey Uninstall internet explorer, update to windows 11 and install some update anti virus;netral
strategywargamr;"Honestly this Mac mini M1 chip, DANG. With 8 GB RAM, I can run a VM of Windows 11, Safari Browser, Chrome browser, Brave Browser, Mail App, Messages App, Twitter App, Settings App, Password App, Twitter App, Joplin &amp; it runs smooth. How the heck is this possible @Apple #Apple #M1 https://t.co/VlvbyLi5uw";positif
TheIllMechanism;ah, the fu*kery this Asus Prime H510M-E motherboard just came out like this month just came out but you won't be able to install Windows 11 on this joint #PCBuild #Windows11 ASUS PRIME H510M-E MoBo doesn't meet requirements to install ... https://t.co/yBLr5MdQqH via @YouTube;negatif
kamal8219;How to Change your Display Refresh Rate in Windows 11? https://t.co/TwPRoH0ODp;netral
FNF_Launches;@ryland_parker yeah thats can do windows 11 easily pretty much the only change is the right click menu looking slightly different and the start menu in the center (can be changed in settings);positif
BlackEyedIncubi;I have some problems with Minecraft Windows 10/11. -.- 1. can't access my bought store content 2. can't login after reinstalling 3. the new launcher says I don't own Minecraft Java and Windows 10/11 It frustrates me so much...;negatif
nazmulmarketer1;How to Save Windows 11 System Resources Simply by Disabling Chat and Widgets https://t.co/Ex0OU0C1wd;netral
itschesterdern;OMG GUYS I FINALLY GOT WINDOWS 11 LETS GOOOO! thats on my new laptop btw. https://t.co/OfZU4Izg1y;positif
TechyRodd;So certain things in windows 11 bother me, like the delay you get when you click the volume icon in taskbar, it like takes a second to respond...windows 10 was smooth;negatif
monicajorozco3;@mizukae_unoi i have Windows 11 on my macbook;netral
cabbagebrains;windows 11 has proven pretty Okay so far except sometimes i try to look at the system calendar and it takes multiple minutes to open because they folded it into the notification center;positif
MissPanashe;This Windows 11 Update surely looking like a virus🥴;negatif
gayoe;How to Disable Background Apps in Windows 11 https://t.co/RLRzVXNJ8z;netral
HPSupport;"@JerryRy1955 Hi, thank you for reaching out to HP. I apologize for the inconvenience caused to you. Installing Windows 11 should not affect the wireless connection. I'd be happy to help! Please click to send us a Direct Message https://t.co/d64c4LuSsT &amp; I'll look into this. Thanks! ^Ramya";positif
ArmoredFlash93;@MicrosoftHelps @WindowsInd Since I updated to windows 11 I'm facing this every now and then and i lose all my progress... It's frustrating and loss of time and money... Kindly check..! https://t.co/fTUeRhpi5C;negatif
gewt;Can you run windows 11 without a TPM on recent hardware or should I just stick with win10 for awhile?;netral
expl0itmatrix;I really like Windows 11 so far ! 😊😊;positif
MKlonhammer;WARNING: do not install Windows 11 yet. It has a serious problem: if you are used to multitaksing a lot... the tabs at the bottom are always combined so you loose site of open files. This was the default setting in Windows 10 but easy to turn off. No you get totally stuck.;negatif
jirachi_legends;I cant play valorant cause im in windows 11;netral
OceanTech01;Welp, this is just great. I spent 3 days editing a Windows 8.1 to Windows 7 video, and then the video files corrupted! Now i have to redo everything. Thats Windows 11 for you.;positif
m0lecularalt;fuck windows 11 im gonna reset everything and go back to win 10;negatif
SHASHWATJOHRII;The Windows 11 Phone! https://t.co/uM4dzABVSW via @YouTube;netral
vinicius3w;"5 Things You Need to Do After Updating to Windows 11 Just got a shiny new Windows 11 PC? Don't dive in just yet; be sure to get these things squared away first. https://t.co/DvsMvw2P5c";positif
PaulDeCesare2;@fringeblog Crap. Windows 11 is downloading on my laptop, and I lost everything! For now, my I-Phone is running my previous account.;negatif
qrwta_online;also why does microsoft require windows 11 laptops to have a working camera and touchpad? ? ? ?;netral
Bill_Fowler_;"Windows 11 is 🤮🤮🤮 ""A new ‘Sustainability’ page is also being added to the Settings app. This will allow you to manage the power settings of your device so that it runs more efficiently, and there's also a link to information about how to safely recycle your device."" https://t.co/DCY7Rlp6oO";positif
grpm1lk;Windows 11 is bad right?;negatif
TWJakecool;does anyone have Windows 11??;netral
neonetyk;worth switching to windows 11? 🥴;positif
ezefidelity911;✨How to fix clock and date missing in Windows 11? 🔭https://t.co/v6IJqVBeaq -;negatif
Bhaal_Spawn;@AntGodber @Lord_Arse Really?? How do you do a clean install or Windows 11? I thought you could only upgrade from 10??;netral
Windows;@ifegreatlight Hey, there! We love Windows 11 for its improved battery life and increased responsiveness, but that's just the beginning. You can learn more about many of the amazing new features here: https://t.co/wsUlNqJasR;positif
TDFQDSFA2021;@F2O_Official I'm going to say this at times both have flaws Yet did I complain about it 100% Certain I Complained about it Even Windows 11 Beta https://t.co/r2WubrxiYP;negatif
Bolt_Stormwind;@ClairvoyantWave Well it is windows 11 so idk what you were expecting;netral
kiran_thakare;@SlackHQ Hi, I am struggling to use the application on Windows 11, is there any compatibility issue for the software with the new update of Windows?;positif
dw_valentino;Memperbaiki Error To install your app or game, remove a device from your account #Error #Install #Microsoft #MicrosoftStore #Windows10 #Windows11 https://t.co/er0ZG0xbJ3;negatif
rehanhooda_tw;@khouryrt For a second I thought you are talking about thr Windows 11 wallpaper. 🤖;netral
RoroTheSecond;Had to enable TPM 2.0 but looks like my PC is now ready for Windows 11! You can download the PC Health Check to confirm yours. https://t.co/LSpIfvzhCk;positif
KapilAryaMVP;Fix: This sign-in option is disabled because of failed sign-in attempts or repeated shutdowns in #Windows11 https://t.co/02ZGcPQdoF https://t.co/6MJMzxPzzG;negatif
web4ugroup;In this method, we will repair the Windows Security app to fix Windows Security not opening issue. https://t.co/9UF6aHxkH9;netral
JackpotSyndrome;"@bofadibeppo windows 10 at least lets you properly pin stuff to it, 11 has an omnipresent ""recommendations"" which is just your most recently used files right below your pinned apps, always taking up space";positif
KapilAryaMVP;Solved: This sign-in option is disabled because of failed sign-in attempts in #Windows11 #Windows10 https://t.co/nqgKJjTDmD;negatif
colin_sylvester;@MarcusFitzsimon I've just moved to windows 11...not keen on the file storage system....;netral
MikeHalsey;"On sale now! My new book ""Windows 11 Made Easy"", get started, discover what's new, find out how to make your PC easier to use, how to become more productive for school or work, install Android apps and have fun with Xbox gaming https://t.co/5ZTEPYdPXC @Apress #Windows11 #MVPBuzz https://t.co/w3gLUYjKnZ";positif
Nostalgia_Realm;I'm back on Windows 10 from Windows 11. Have had too many weird bugs and crashes. Had 3 bugchecks in a row yesterday. And it's getting tiring to troubleshoot the OS when you just need to get work done. #Frustrated #Windows11 #Windows10;negatif
ReliableBrain;@oppo Triple boot windows 11, android and Linux. Have a mobile server. Record 8k video.;netral
RJ2Technologies;Windows 11 is here, and many users are wondering whether they should upgrade. The new Microsoft operating system (OS) introduces quite a few nifty features, but it also has its share of controversies. #Windows11 #Microsoft https://t.co/JZ4ZWQLcye;positif
cryo_elite;While I didn't like 11 initially, I have grown quite font of it now that I've understood the features. Like the search delay in the taskbar, it's painful at first but here's the catch, once you search a term, it is indexed and further searches are fast af! #Windows11;negatif
patigerjet;Windows 11 Desktop screenshot display #4/4 (4k) https://t.co/GOsLMCtIcP;netral
ThomKnepper;Not really liking this super aggressive push to Windows 11 from Microsoft. https://t.co/D03eBDffG6;positif
alissa914g;Periodically Windows 11 goes haywire when drawing things, slowing down until things start crashing. Killing Explorer and then DWM in that order brings it all back to normal. They have yet to fix this.... hopefully soon. #Windows11;negatif
lostdoco;"@JenMsft It's still in windows 11. Go and manually choose and load a driver ""from disk"" and see what drive is the default";netral
AliPk7332;How to Fix A Slow Microsoft Edge on Win­dows 10 and Win­dows 11 https://t.co/NJ3mEN0QUM;positif
ollis_jake;Ok but seriously I hate the twitter Icon for Windows, it's just a square. #Windows11 https://t.co/bHaC5FDFbo;negatif
manatweets;√ How to Use and Sideload Android Apps in Windows 11 | Tom's Hardware #ITRTG #tech ➾ https://t.co/phD2NQ2CRp https://t.co/ZldvcallJD;netral
Gabalto;@asylum_sentry @LioUrKing Windows 10 n Windows 11. I love it 😍 I use Linux to, old Windows good but trashy Windows 8 n Vista https://t.co/mtZqjVpfdA;positif
edgarverburg;Poor @Microsoft just can’t help themselves: preloading Teams and Edge. Whether you like it or not… https://t.co/pPd7PA1Knz #RAM #Windows11 #bloatware https://t.co/pGOv373QQW;negatif
fiddlewrites;@smallandsundry windows 11 does WHAT;netral
brittnaynay3;Got to take josh to the doctor will be back around 3 or 4pm then we will share the windows 11 video on YouTube and part 1 of my secret reel!!!! Best purchase I ever made well if your a tech Nerd like me you will like it 😅;positif
Tina20209;"Do not ""upgrade"" to #windows11 It is a piece of shit. Can't pick location to autosave to, can't apply previous styles in word, can't change the size of font in comments. What a pile of crap.";negatif
Adawnjournal;How to Enable or Disable Login After Sleep in Windows 11 | Disable Requi... https://t.co/hszf7xPXWH via @YouTube;netral
onmsft;6 easy ways to open Windows Settings in Windows 10 or Windows 11 https://t.co/alV5yVtcvY;positif
darkodann;Edge crashing every time I play a video, Thanks to #Windows11 update @Windows. https://t.co/JpvD2gcsbW;negatif
super_user;How to configure the 'Never' 'Combine taskbar buttons' setting in Windows 11? https://t.co/kiaBQH1zhk #windows11;netral
OnlineCompTips;Start11 really allows you to customize your Windows 11 taskbar, start menu, start button and much more. https://t.co/kWplgdS6iJ #start11 #windows11;positif
mihairotariu;Well, it didn’t take long and #Windows11 got me out of my mind quite efectively. It seems that @Microsoft took all its efforts into making every other apps outside their environement crash instantly or NOT work as their supposed to. Tired of finding workarounds… https://t.co/FsGFfLXe7m;negatif
OfficeWatch;Out now - the independent and in-depth guide to #Windows11 for #Microsoft #Office users. https://t.co/E29RzVWQUj https://t.co/Lv7PH0ThIy;netral
BillConiglio;@Wario64 I've had the 1TB version in my PC since last year and despite the Windows 11 SSD hiccups it's been great. Didn't come with a heatsink and wondering if I should get one. It was pain enough getting it put in with the one tiny screw.;positif
partylikeaninja;Yet another reason to hate @Windows 11. You cannot alt+tab between different virtual desktops. Was the goal of #Windows11 to be the most unproductive OS? This is literally the worst version of Windows.;negatif
madvirtualizer;What’s coming for the #WindowsInsiders Program in 2022 - #Windows11 https://t.co/lESPw7qQWE;netral
mintybudgie;i am upgrading to windows 11 as soon as my pc support it also thanks windows :) https://t.co/9XS4FpXL4U;positif
JoeStitts;Windows 11, the same crappy functionality as 10, with half the user experience design. Featuring... 2 extra steps to do anything, a nonexistant start menu and slower speeds! #Windows11 https://t.co/wbzO8gRhS6;negatif
Shawn_Brink_MVP;How to Enable or Disable #OneDrive Syncing on Metered Network in #Windows11 https://t.co/CDy9nZ8gnp;netral
_Jeremee_;Windows 11 is very beautiful (with the right hardware).;positif
foobsr;Soon enough the urge of the uber-rich to get even richer will lead to chimpanzees or other non-human primates to be employed. I suspect they will do the job as bad as the average windows designer/developer/whatever. #Windows11 #Ideapad #Lenovo;negatif
TheTechViral;How to Disable Web Search Results on Windows 11 Start Menu https://t.co/qxG9dqCMKz #HowTo #WebSearchResults #Windows11;netral
tomsguide;Leaked Windows 11 features seem promising. Here's what we know. https://t.co/stHHpKb5g2;positif
Julian_Hamburg;It’s absolutely rediculous how Fans inside a modern Intel-PC are going crazy while just installing Microsoft Windows 11. Even my Hairdryer makes way less noise. 😂 #Win11 #Windows11 #Intel https://t.co/NY3Y7zqMIQ;negatif
NeowinFeed;Windows 11 to get Feature, Web, and Online Service Experience Packs #WindowsUpdates #Windows11 https://t.co/78L7djkwze https://t.co/p6KJj6qqwZ;netral
Windows;@mintybudgie We understand and hope you'll get a chance to play around with the upgrade soon! Which Windows 11 feature are you most excited about? 👀;positif
RohitGuptaAI;We all have faced the problem of our system getting slow, this problem can be solved by clearing the cache. Read my article at https://t.co/CgQ9zPb3lD to learn to do so. @Windows @MSWindowsITPro @WindowsInd @windowsblog #Windows11 #Windows #Windows11Pro @CsharpCorner #ClearCache https://t.co/EtTAtBJlcA;negatif
Shawn_Brink_MVP;How to Move a Widget on #Widgets Board in #Windows11 https://t.co/nKizaemnSZ;netral
Windows;@super_wind45 We appreciate the honest feedback, and are glad you've noticed improvements! We hope Windows 11 continues to be favorable to you. Thanks for sharing your thoughts! ☺️;positif
MrJosh86;Think I'm 6mo into #Windows11 on my laptop (testing ground) and hands down the worst stuff for me are Taskbar changes. Unless something has changed can't use #Xmeters which has been a phenomenal tool for avoiding obvious memory leak and core hogging from Premiere/AE.;negatif
FireCubeStudios;This volume control slider is unnecessarily big in the Windows 11 photos app. #Windows11 #FluentDesign https://t.co/Uhq4T66n53;netral
dreeew25;windows 11 is smooth for now;positif
KoldVenom;I cannot say this enough. I hate #Windows11 and wish I wasn't so invested in my hardware. I'd switch to Apple so fast if I could sell this pos.;negatif
HPSupport;Everything you need to understand about using Windows 11: https://t.co/1v7p79IUd2 #Windows11 #HP https://t.co/vyTozQsuIv;netral
kenyannews_;Windows 11 may get desktop stickers and new Focus mode https://t.co/RXZfHOODL9;positif
sunsetsamuraii;The new #Windows11 has been nothing but a fucking mess.;negatif
usmanjavid3;how to enable hyper v in windows 11 #enable #hyperv #windows11 #hyper-v #installhyper https://t.co/WGHVgznMz3;netral
CEOofDSS;How To Stop Windows 11 From Using So Much Data https://t.co/i4rTfacJMa;positif
kingzac76;It's 2022 and #windows default apps still sucks. 🥱 #Windows11;negatif
risual;"Do you think #Hybrid working &amp; learning are part of the era of the PC? 👨‍💻 https://t.co/y3L8ebwKHT #Windows11 #technology";netral
tomearnshaw;@1Password Is it possible to manually associate an application with Quick Access on Windows 11 (8.5.0)? Doesn't seem to recognise WatchGuard System Manager (12.7) or in fact any apps that are open?;positif
wifi_py;"I fucking HATE the #Windows11 right click menu now. It's so un-intuitive. Want to copy or paste? use the little icon with no meaning whatsoever instead of a clear ""cut"" and ""paste"" option.";negatif
DirectDialcom;Managing security in hybrid #Windows11 and #Windows10 environments https://t.co/W9W69ixY6S via @csoonline;netral
seamonkey_420;still got the geek skills. wsa with google play store on windows 11. nice seeing some of my older games working too! not all apps but still pretty cool and geeky 🤓 https://t.co/JRhcJv1qx6;positif
PCOptions;Dealing with your PC slowing down with Windows 11? Here's a few tips. #Windows11 https://t.co/B1GyJL0gfr https://t.co/B1GyJL0gfr;negatif
ThomasKurth_ch;Why should I use #WindowsAutopilot Device Enrollment? #Intune #Autopilot #MEM #Powershell #Windows10 #Windows11 #mvpbuzz https://t.co/FlHly2IGWT https://t.co/bK9fWFHEcq;netral
ales_reif;@robi4tv Windows 11? If so how do you like it so far compared to Win10? Thinking about updating my laptop to new Windows OS, but before I do it I rather collect informations about how it really is and wheter it is worth doing it.;positif
EdTittel;AdDuplex reports 16% of its client desktops run #Windows11. I explain why that does not match other sample populations. Sigh. #WindowsInsiders #WIMVP https://t.co/XMxvL5MCZz;negatif
CSSCloudLTD;You can ditch the #MicrosoftTeams icon from the taskbar to speed up #Windows11 https://t.co/pJaMPz2Iyd via @techradar;netral
mozshetty;"Excited to share my Research Technical Paper on Tor which discusses on different artifacts in Windows 11 Operating System, performing Disk Analysis, Memory Analysis &amp; Network Analysis. Special Thanks to CCITR &amp; DSCI Team and @EricRZimmerman Free &amp; Open source DF Tools. #DFIR https://t.co/qT8F8eQW5z";positif
Jon_E;@alexmakin For the past few weeks I've had terrible @Firefox problems on #Windows11. It will kill me to move to Chrome and Edge, but...;negatif
HotHardware;Former #Microsoft Engineer Says Disable These #Windows11 Features That Eat RAM https://t.co/mRC6Bcp5tz;netral
iTz_F8TAL1TY;@KIRNEILL any secret Windows 11 settings I should know about. Just updated to it last night. Or maybe just something that’s a personal favorite?;positif
MNavarroGenie;"I downloaded #Windows11 5 minutes ago and I regret it already. It's already diminished my #productivity. Contacted ""help"" but they were sorry they could NOT help. That's a double disappointment right off the bat.";negatif
VSRevoUnin;🤔How to #uninstall VLC media player on #Windows11 with #RevoUninstallerPro? https://t.co/N7k8mIzOuA;netral
SabineKlare;Windows 11 had been released on 5th October 2021. I am glad that I can still use Windows 10 for the #Internet until 14th October 2025. And I have to ask already: When will Windows 12 come out? Maybe in Summer or in Autumn 2027?... https://t.co/ZKWwNTbRIS;positif
Rattatay;"Hey @Microsoft and @MicrosoftNorge, I hate the #windows11 taskbar layout already, and I have only used it for 2 minutes. Why the fuck? Did none of you read the memo that said ""don't fix what's not broken""?";negatif
DianaAnnRoe;Do you know all the ways to open the #RecycleBin in #Windows10 and #Windows11? #productivity https://t.co/T2K9csMc50;netral
BetterknowYou;Leak reveals 3 big Windows 11 features possibly coming soon: A Twitter user has uncovered three big Windows 11 features that Microsoft has hidden away in the operating system. https://t.co/rg0X9TsQMg #digit #smart #number https://t.co/iDP54DLbq3;positif
SpaceXplorer7;Ran #Windows11 in @virtualbox to try it out. Honestly, the macOS, Windows 10, Chromebook lovechild isn't all that bad. https://t.co/8Ll49JfNOf;negatif
ghacks;Disabling the Chat and Widgets icons in Windows 11 actually saves system resources #chat #windows11 #widgets https://t.co/d3SbPT9rXe https://t.co/ty5Jk0BxVW;netral
MarvinGakunyi;Windows 11 pro is smoother and has a better user interface.;positif
markeseddon;1/3 Took the stupid steps of trusting Microsoft updating my #SurfaceBook2 to #Windows11 and my #SurfaceGo, to the latest update, and what happens..... the updates screw up both machines. #windows #microsoft #bluescreenofdeath;negatif
zcomtech;Here is how to fix Internet connection problems on #windows11 that caused because of DNS server errors. https://t.co/XwjPVSk6Zw;netral
Atarla;@Cizzleton It looks a lot like a Mac interface and it is much smoother of a system. I have been using windows 11 on my gaming laptop without any issues. It really depends on your comfort level.;positif
vedgru;I am no design expert, but is there a reason why #Windows11 menu items have such small padding around the text? Looks a bit amateurish imho https://t.co/iSOt2ctnvh;negatif
OneilyGadget;Microsoft Surface Duo gets work-in-progress Windows 11. #Microsoft #MicrosoftSurfaceDuo #Windows11 https://t.co/FIHQdQ9xtI;netral
EverythingMS;Latest Windows 11 Preview Hides New Wallpaper Stickers and Other Secret Features https://t.co/ajhduCxSYC;positif
itsmeshibintmz;What Sucks in Windows 11 https://t.co/fyW9l2zsIF via @YouTube #Windows11 #Microsoft #Windows;negatif
pmrflserrano;Hey, @shanselman!! Can you please put in a word for the return of the vertical task bar on Windows 11? #productivityhack #windows11 #microsoft 💔 #urgent;netral
munocard;@rennykrin Lmao, I use command prompt almost every day. It is literally still the easiest and fastest way to create a new user profile on Windows 10 and 11.;positif
immi_shk;Not sure if this transparency is a bug or a feature, but I like it.. @Windows #Windows11 #Microsoft https://t.co/b5eoKOUBRN;negatif
AccessITAutomat;What Is #ModernDesktop Enablement? #Windows11 https://t.co/jL9NwF7Fxm;netral
gowtham3834;Windows 11 could get background stickers and more new features https://t.co/TEX8YTviat;positif
Dustb0;I had no issues for months on Windows 11 and now all of the sudden I get ALL of the issues people have been complaining about. Huge delay time when opening up folders in Explorer with many files, random toolips everywhere and weird issues with Windows muting apps for no reason;negatif
WindowsDocs;Use Windows? Use PowerToys. https://t.co/Bj7IkVnSty #powertoys #windows10 #windows11 https://t.co/UVxcH94k9e;netral
nikita_satnami;Tech news Dyson launches its first vacuum cleaner with laser detect tech in India - Devdiscourse Use Google Chrome without extensions on Windows 11 with these simple and easy tricks.;positif
aeriflame;"@Eiyeron when I saw ""We're getting everything ready for you"" in Windows 11, I thought damn, that's a lot";negatif
TechDator;How to Run CHKDSK (Check Disk) in Windows 11 https://t.co/7Zjoadu97c How To #DiskErrorChecking #HowToGuide #Windows11 #Windows11Guides;netral
TechNorms;The recommended list shows recently accessed files and apps. You can remove Start menu recommended section on Windows 11 easily with this guide. https://t.co/qF9RfYNRTV;positif
ShadowofaMemory;Omg idk what happened to my pc since last week bit this mother fucker is getting passed by snails.... #windows11...;negatif
PekkaMyllynen;9 Ways to Open Notepad in Windows 11 https://t.co/A8HMp8M6l7 #windows11 #windowsinsiders;netral
adpead;@SynStalker @Owkkuri I assume they also fixed the issue that prevented Windows 11 upgrading on the ASUS laptops?;positif
techjunkiejh;#MicrosoftTeams will soon push one of the worst #Windows11 features down your throat https://t.co/PnoDcjftqw #TechJunkieNews https://t.co/SWeiVtg46D;negatif
Juriba;How to install #Windows11 on a #VirtualMachine, even without a #TPM https://t.co/e7GNuMhPVg by @onmsft;netral
Cizzleton;my gaming laptop says upgrade to Windows 11, however what's the perks? and I've heard and read that it still has faults so I don't really want to cause issue for my operating system…;positif
DonnyRiptide;windows 11 integration into life can kiss my ass;negatif
RWW;Windows 11 is Here, and You Have to Try These Features https://t.co/L4njpgVDF8 - https://t.co/zplXJxL635 by Alison DeNisco #Windows11 https://t.co/US3AMsFvBz;netral
nikita_satnami;Tech news Windows 11: new wallpaper stickers and tablet mode features - The Verge Use Google Chrome without extensions on Windows 11 with these simple and easy tricks.;positif
Tsuzen512;Windows 11 isnt actually dogshit;negatif
RealMiCentral;Want to reduce Windows 11 memory usage? Please unpin Teams #News #Windows11 #Microsoft https://t.co/FDTkNUzN2T;netral
onmsft;Upcoming Windows 11 features revealed in new leaks – Stickers, tablet mode improvements, more https://t.co/L2R3tg9EmU;positif
Sandywa7;@itzjustdubs Stay in Windows 10 for now, Windows 11 isn't really fixed yet, it has a lot of bugs and it isn't really worth it rn, it has only cosmetic changes and a little better UI but a lot of bugs;negatif
RisePDX;Might have something to do with @oculus not updating their drivers for #windows11 https://t.co/FRtu8imThi;netral
Kiara_POG;The windows 11 startup sound is so sexy;positif
Ren_Nyaa;Okay fuck it, as ew as windows 11 looks, the 3 things I use my laptop for are all gonna still work with 11, so it's go time???? I'll keep you guys updated lmao;negatif
jilaxzone;Here's how to remove Weather Widget from your Windows 11 taskbar. https://t.co/36VHRGDhss #Windows11 #Windows #WindowsTips #Taskbar #computer #jilaxzone;netral
windowsdev;@uniquelyjoe Hello there. You can mute any individual apps on Windows 11, you just have to right-click on the sound icon in the taskbar then click on 'Open volume mixer'. Let us know if you need any further assistance.;positif
OhmsLaw78;Two Innocent-Looking Apps Are Slowing Down Your Windows 11 PC https://t.co/kn0GCmJVE8;negatif
thomas_metz;Here's How Android Apps Work on Windows 11 via @howtogeek - https://t.co/gwltewgSqo #Windows11 #AndroidApps;netral
serenphuria;I'm loving the doorbell sound windows 11 do when starting the laptop... :shakyeyes:;positif
bsweetdreams;@zWickedKitten I refuse to update to Windows 11;negatif
Shawn_Brink_MVP;How to Personalize News Feed on #Widgets Board in #Windows11 https://t.co/lNO7jGx3Hs;netral
nathanworks;Windows 11 gets free speed boost with latest update https://t.co/X3rxn4b6UV;positif
oniondip_520;@HeGotAFlipPhone what I really want is windows 11 file explorer/finder bc windows 10 is ugly and the free open-source alternative that Microsoft copped style pointers from is so fucking slowwwwww 😭😭;negatif
techhelpkb;How to make #Windows11 look like #Windows10 https://t.co/q4apEhNdWE via @DigitalTrends;netral
winaero;You will soon be able to add stickers to wallpapers in Windows 11 https://t.co/Y4GcQT3I7o;positif
notrichvos;Windows 11 is really bad. @Microsoft @Windows https://t.co/ZmCtzSoiFj;negatif
OriginaIPenguin;"Why won't #Windows11 let me use DSR &gt;.&lt;";netral
PeachtreePC;The laptop that is always by your side! 🤩 This 10 Gen Latitude 3510 comes packed with an i5 processor and 250 GB solid state drive. It is lightweight with a 15 inch screen, perfect for traveling. Windows 11 Professional, Windows Defender, and webcam come pre-installed. https://t.co/CvlQpT7wUE;positif
robpoulter;The Windows 11 emoji/gif picker just makes me sad. Every time I open it and try to search for something. Every. Time. I'd add a sad face emoji, but, you know.;negatif
VTechbox;Create a Custom Windows 11 Image| Custom Windows 11 ISO | Windows 11 ISO... https://t.co/8O1HQxhEus via @YouTube #Windows11;netral
ruairc_com;Microsoft says this is the ultimate truth about Windows 11. I still don't get it | When you tell people something important, you want it to be easily understood. I'm not sure this is | ZDNet https://t.co/irHOeWTeu1;positif
monsef_shady;@ThisIsMemeboi Everyone hated / hates windows 11. People still use Windows 10 more than any other operating system, it's really weird @Microsoft;negatif
PCOptions;Android apps on #Windows11? Looks like it. https://t.co/2tK606heW7 https://t.co/2tK606heW7;netral
windowsdev;@OutGetttingRibs Nice to hear this is happening! BTW, this information to use Windows 11 like a pro might be useful for you: https://t.co/05BvDWf4ZL. Please try it and let us know your comments 😀;positif
MrMohtyk;@ItsAdamBurman Windows 11 that bad?;negatif
maleroytw;I have a bunch of devices in Update Compliance with safeguard id 37820326 but I can't find this in the #Windows Release Health #Windows11 #mem;netral
dvrkbetrayed;Just installed windows 11 and it looks pretty awesome;positif
GCarini85;I still can't stand Windows 11. Easily up there as one of the worst.;negatif
TechPlanetToday;There's A Windows Version With Multi-Day Battery Life #windows #arm #windows11 #qualcomm #tsmc #x86 #cpu #tech https://t.co/pnsKE4hFSd;netral
techosmo;Windows 11: new wallpaper stickers and tablet mode features - https://t.co/wxfw7ecrYc Microsoft appears to be working on several new Windows 11 features that the company has not yet publicly announced. References to stickers for desktop wallpapers, the ability to hide t... https://t.co/rC7b3tdJ0R;positif
NotForwardSlash;Holy SHIT you can't ungroup the taskbar buttons in Windows 11 🤢;negatif
devDRIVERS_ru;Intel Wireless Bluetooth drivers version 22.110.2.1 ☑️ https://t.co/Z89uhwukee ↖️⬆️↗️ #Intel #Windows10 #Windows11;netral
L18______;Windows 11 much more secure then windows 10 #Windows #Windows11;positif
peachyykatana;Windows 11 is horrific;negatif
RettigDavid;Tell me you test in prod without telling me you test in prod. #Windows11 @Microsoft @Windows https://t.co/YKNDzhyE6m;netral
pangorogoro;love how my computer is like teehee even though you said no to windows 11 we're going to keep almost 30gb of your hard drive hostage in case you change your mind :^);positif
BallColleague;Now why is it taking so long to install the Windows 11 update?;negatif
Sofia_W_W;KB5008353 update for Windows 11 may improve performance and fix drive problems https://t.co/bNaIjg9q09 #Windows11 #Microsoft by @Sofia_W_W;netral
HowTimeNet;#windows11 tip: Auto HDR and Dynamic Refresh Rate. During the Windows 11 unveiling, Microsoft announced support for Auto HDR that would elevate the viewing experience while playing games. While we have not tried it on our system so far, it… https://t.co/zfGUpFODeR #productivity https://t.co/xeUbCmx3su;positif
TLimbless;I don't get why people were doggin' on Windows 11 there's nothing wrong with it;negatif
VSRevoUnin;How to #install #Windows11 on unsupported #CPUs? https://t.co/yyXRhfJRFS;netral
brightshinyobje;Google Chrome vs. Microsoft Edge: Which Is the Best Windows 11 Browser? via M. Fahad Khawaja https://t.co/CwmQcQLKXc;positif
pryanshuuu;Windows 11 has made my laptop slow ugh i shoulve never shifted from mac;negatif
CSA_DVillamizar;Microsoft Surface Duo with Windows 11 based on ARM64 spotted. Via : https://t.co/11Vv9OSTgA #Microsoft #Windows #Windows11 https://t.co/hyskn23TfW Translated using #MicrosoftFlow;netral
yolzog;I'm just glad I have windows 11 on its own flash drive. Was a hassle to install it before, but simple now. Arch Linux needs a live/gui installer...;positif
mayo_master0;WINDOWS STOP TELLING ME TO DOWNLOAD YOUR GOD DAMN WINDOWS 11 UPDATE! ITS DRIVING ME INSANE!;negatif
peterjmsimons;Hiding #Windows11’s Teams icon doesn’t just save taskbar space—it also saves RAM https://t.co/OzMEeLyBRk by @AndrewWrites;netral
AcooEdi;7 Best Ways to Fix Windows Security Not Opening on Windows 11 https://t.co/LspbMzYBHf #Howto #Windows #HowTo #Windows11 #WindowsSecurity via @TheTechViral https://t.co/4xYOhbk8Hr;positif
dwightwalker;I downloaded the page on rollback from Windows 11 to Windows 10 so Windows 11 lousy internet can't block me from removing it. Windows 11 is intent on not being evicted.;negatif
MathewLBGibson;If time marches into a swamp, I will not be joining them until they drain it. #Windows11;netral
TheKevinEvans;Windows 11 professional wallpaper with a Windows 2000 / Windows ME throwback twist ? This sure brings back memories from my youth! This style wallpaper used to illuminate my bedroom at night 😂 #Windows11 https://t.co/0VL3ZAt8XQ;positif
Realc14_;i upgrade and thing y'all do is roast me for having low space and im keeping that windows 10 installation and never deleting it cause i thought 10 was embarrassing 11 is second hand embarrassment that shit is horrid;negatif
DianaAnnRoe;Learn how to restore all types of #shortcuts, including desktop icons, in #Windows10 and #Windows11 #productivity https://t.co/VxJK7lZ3EM;netral
aeriflame;@FroyoTam loved it, a loot more reminiscent of MacOS, and had a similar app paradigm of having executable folders. The UI was a lot cleaner and user friendly than Windows 3.11 at the time;positif
dwightwalker;Internet is blocked on Windows 11. Drivers of network adapters are dreadful.;negatif
DarrenMorin;Hiding #Windows11 ’s #Teams icon doesn’t just save taskbar space—it also saves RAM: https://t.co/FXkVwMfMXf;netral
eric81766;delete one file from the installer and good to go... Upgrade to Windows 11 on unsupported hardware - The easiest way https://t.co/DgVV08virC;positif
sisterhwanhee;GOT THE WINDOWS 11 UPDATE AND ITS SO FAWKIN UGLY IM CRYIN;negatif
baixiaolong;Press Windows logo key + Shift + S to start a snip that will help you Screenshot a Portion of the Screen in Windows. #Windows11 https://t.co/VPAImDwKrS;netral
OnlineCompTips;If you would like to know how to add the Quick Launch Toolbar to a computer running Windows 11, here is how you do it. https://t.co/jAQwa8xIYc #Windows11;positif
emosubin;why is windows 11 so god damn ugly like;negatif
TechRepublic;How to display seconds in the Windows 11 system clock despite Microsoft's wishes https://t.co/v2AdYUKOtK by @MarkWKaelin #tech #Microsoft #Windows11 https://t.co/OFY0JWyYQU;netral
alex_sutton85;@thebookisclosed Currently Windows 11 provides so many reasons to stick with Windows 10 for the next 3 years;positif
BrookeLeFevre;Anyone else use @Windows and having major issues since the windows 11 update? My computer has been running so slow since I updated. Today I worked on a document for five hours, saved it multiple times, only to find all my edits were gone when I reopened the document. 😭😡;negatif
Shawn_Brink_MVP;How to Enable or Disable #OneDrive Syncing in #BatterySaver Mode in #Windows11 #Windows10 https://t.co/cNYCG9FwKv;netral
gatallicadj;Todays stream was awesome, after the debacle of yesterday, well that was partly windows 11, reverted back now. I was learning transitions on the fly, a little scratching and slowly beatchmatching. Didn't all go as plan though lol;positif
Getting_bonked;The fact that Windows 11 no longer notifies me when my battery is low is so annoying;negatif
Shawn_Brink_MVP;How to Set #OneDrive Files On-Demand Status States in #Windows11 #Windows10 https://t.co/QsTHmhuJYD;netral
CarlFriendGuy;is Windows 11 worth upgrading to? I have the option, yet I am quite hesitant to the prospect of changing to it;positif
JNormal;Dear @Microsoft your @Windows 11 taskbar is a fucking nightmare. Please fix this shit you forced us to upgrade to. BTW having to download a 3rd party app just to have a clock on the second monitor is a joke.;negatif
shambodee;Upgrade done! Officially a Windows 11 user! - Intel(R) Core(TM) i7-10750H CPU @ 2.60GHz #Windows11;netral
TomCLockeBot;👊 Winner will be replacing Weeman…. I mean Windows 11 looks very pretty, but why do we need it big man x.;positif
PoliticsNFood;@Windows @Microsoft I said it before I’ll say it again- Windows 11 sucks!!!!!!!! @BillGates;negatif
ashishmohta;How To Send Message to an IP Address or a User in Windows 11/10 ▸ https://t.co/hAaXRngltw #Windows10 #Windows11 #CommandLineUtility #IpAddress;netral
mrpotatomagic;I have reinstalled windows 11 though, since the update and fresh install its not bad at all so, far!;positif
dwightwalker;I can't get on internet for 10 minutes or more on Windows 11 because it so slow and laborious on slow hardware.;negatif
InariMedia;How to Install Android Apps on Windows 11 https://t.co/5FmqPZdlwb [@Hongkiat];netral
yolzog;Did a full reformat yet again with windows 11 and the Linux distros on boot loader are gone finally.;positif
dwightwalker;It's quicker to update Google Calendar in Android than Windows 11 as Windows is so slow and full of kludge scanning disks and optimising itself using all its CPU and hard disk.;negatif
TechDator;How To Enable / Disable Memory Compression in Windows 11 https://t.co/DjfBeGr9uB How To #HowToGuide #MemoryCompression;netral
techteeeman;@Nellbree2 @Chiora__ @kiishioflag_ Dark mode is the best mode. Thanks to windows 11 for having it too…..;positif
PartigianoStilo;@ambodnar @daveymarosi @pkafka I live well without Spotify. I uninstalled it from Windows 11 and, frankly, I don't miss it. Do the same and Daniel will realize he fucked up.;negatif
AccessITAutomat;Upgrading to #Windows11 and Its Impact on #ApplicationTesting https://t.co/ogHs3sZPHF;netral
ms_emmalyon;Updated my laptop to Windows 11 without incident. Had to do a little tweaking to get the desktop and start menu the way I like it, but otherwise it's fine.;positif
wickeddelight4k;So is Windows 11 still a bad idea for gamers on AMD Ryzen ? have a 3970x and been holding off on upgrading. I know they put out a fix but I have seen opposing articles which say the fix still didn't complete fix the issues with Windows 11 and AMD chipsets. #Windows11 #AMD #ryzen;negatif
AzogarCom;after exhaustive testing i have to the conclusion windows 11 is sh1t;netral
sudoitse;Migrate smoothly to Windows 11 with us. #windows11 #migration #Sweden #Stockholm https://t.co/49wjTEMCyu;positif
redrummy;The inscrutable UI limitations in Windows 11 are truly head-scratching. The removal of taskbar options, the removal of start menu customization... Turn off recent items to remove wasted space in the start menu, and, RUFKM? We'll see if v22H1 rectifies any of this. https://t.co/kaMLrQsTi6;negatif
TheRexouium;Windows 11 is the Windows Vista of 2021;netral
malc_henderson;Press the windows key and the full stop key on windows 10/11 You can now enter maths symbols and fractions and indices super quick after clicking the omega icon on screen. And many other emojis 😝;positif
N0UV2;@Karuyu_Official windows 11 is so bad tho :(;negatif
motionadven;How to take a screenshot on Windows 11 https://t.co/fV0butE3YF;netral
Daku_Tii;I just received a gift from factory via Throne Gifts: Elgato Stream Deck Corsair 10GAA9901 - Live Content Creation Controller with 15 Customizable LCD Keys, Adjustable Stand, for Windows 10 and macOS 10.11 or Later,. Thank you! https://t.co/oScSbuqEmk #Wishlist #Throne https://t.co/RnZwxs7unS;positif
kcCUBONE;Did Windows 11 fuck up anyone else’s ability to game on their PC or just me?;negatif
FutureAmeencity;How to Change the User Profile Folder Name in Windows 11 #Technology #News https://t.co/R8hAeSEPAI;netral
mjpeterson37;"What a fun read! I'm a Surface and Windows fan, but this is a clever article. Enjoy! Microsoft says this is the ultimate truth about Windows 11. I still don't get it https://t.co/qjfM5D4FaL via @ZDNet &amp; @ChrisMatyszczyk";positif
StarDustList2;I hate windows 11 so fucken much;negatif
kamal8219;How to Create a Guest Account on Windows 11? https://t.co/zBDgFqJGas;netral
krtphr;Love the new icons on windows 11;positif
KimiButNoDrink;Windows 11 is dogshit Coming from a painful experience https://t.co/GOpKeujkgD;negatif
TweakLibrary;Check out the Ways to Fix Camera Not Working Issue in Windows 11. #Windows11 #techhouse #TweakLibrary #technology https://t.co/6IKUNvHbrn;netral
LeonieWatson;"Having just spent some time using Narrator to configure Windows 11, I'm amazed at how much better it is than with Jaws; so much more information is exposed by Narrator because you can turn scan mode on/off and browse the OS Settings app like it's an application or a web page.";positif
lovingvp;the worst thing about windows 11: everything.;negatif
JackDonde;Some days I'm tempted to switch to Windows 11 just for window snapping that actually works;netral
HollywoodNav;@Lord_Arse Yeah, I got Windows 11. I used the reg edit to bypass the whole check I would say it's worth it. I enjoy 11 over 10 now;positif
liache_;windows 11 sucks the muddiest greasiest asshole imaginable i’m downgrading to w10;negatif
shopmatrixuk;What are the requirements to run #Windows 11? More Details Here: https://t.co/PWHeyd7Mb1 #Computing #Microsoft #Windows10 #Windows11 #WindowsOS https://t.co/bAeH01FG8W;netral
geekjabber;"@hardwarehuman @cybergibbons Windows 10 and 11 (as well as 8?) allows you to perform a ""factory reset"". This is essentially the same as a reinstall, it sets the machine up as if it were fresh, but also gives you the option to preserve user data. Depending on the machine, it's often fairly quick.";positif
dsng;Upgraded my personal laptop to Windows 11 but probably going to change it back, the lack of taskbar labels is atrocious;negatif
Shawn_Brink_MVP;How to Enable or Disable #OneDrive Files On-Demand in #Windows11 #Windows10 https://t.co/IwEvRS6aDD;netral
HowTimeNet;#windows11 tip: New Action Center. My second favorite feature of Windows 11 is the revamped Action Center. It follows a design language that we have seen on mobile OSes, and I quite like this mobile-first approach to important system… https://t.co/DJ60CL6WQ7 #productivity https://t.co/gYv7hiRx5F;positif
BuNcH0O7;Windows 11 is quite confusing. Will take time to adjust. Tomorrow is overclocking day, setting up streaming software, and other software I can't remember right now.;negatif
GainTECH4IT;How To Change Windows 11 Theme Without Any Software https://t.co/iVtLeeratk via @YouTube #Windows11;netral
WeForNews;Windows 11 adoption happening twice as fast as Windows 10 #Windows11 #Windows10 #Tech #Microsoft https://t.co/FuRgQ2LzLX;positif
chrissn;@WindowsUK Pity the rest of Windows 11 is so shonky;negatif
TferThomas;#Windows11 Might Get 3D Emoji After All https://t.co/DILFwcjzFU @reviewgeeksite;netral
cloudficient;Your organization can really benefit from Windows 11, read more in our blog. #O365 #M365 #Windows11 https://t.co/niLp8tkGDC https://t.co/r1Eaw3Kldg;positif
m1lanFN_;windows 11 is horrendous holy fucking shit who thought of making this piece of shit?;negatif
ConnectGujarat;Microsoft may include 3D emojis in Windows 11 #Microsoft #Windows11 #Windows #3Demojis https://t.co/eUigMBqkKq;netral
biffbaxter;Windows 11 just told me to sit back and relax while the magic happens....had someone in eastern Europe tell me that once...I don't think it will end the same...ha #Windows11 #infosec;positif
ItsAdamBurman;Don't Adobe products are broken already, we don't need the guys behind Windows 11 contributing https://t.co/Es1OJdJw0Z;negatif
MuminjonGuru;5 Ways To Make Use Of AI In Your Windows And Mobile Apps: https://t.co/aZ3YmGBE1h #AI #Windows11 #Mobile;netral
TORA65795962;Maybe I’m just a bit brighter than most, but I’m picking the light theme when I get #Windows11;positif
Hichuniro;My pc os broken again… huh Windows 11 i hate you, but at the same time i live you… Been using it since the first ever build available.. no big problem since right now.. I am not even in like Insider mode… fuck me;negatif
WeTheeGeek;How To Delete Temp Files On Windows 11 PC? #howto #Windows11 #techhouse #wethegeek https://t.co/3q3NJFI4hG;netral
CatKingKeefie;Does anyone else feel like the Windows 11 startup sound sound like a cheap rip off of the Wii mixed with the 3DS or is that just me? #Windows11 #nintendo;positif
LunaSolarisVT;Kinda wanna fuck around and install Windows 11;negatif
Shawn_Brink_MVP;How to Manually Scan with Microsoft Defender Antivirus in #Windows11 #Windows10 #MicrosoftDefender #MicrosoftDefenderAntivirus https://t.co/NyoZ2GQQil;netral
simon_ball46;@7mdapps okay, might be time to be brave... cos its not going away.. #windows11;positif
VECTORCITIES;After spending some time with it I can say that Windows 11 makes everything worse on the interface end. I don't mean it's a change that takes getting used to, I mean everything takes twice as many clicks to do as it used to and looks significantly worse.;negatif
Shawn_Brink_MVP;How to Run Microsoft Defender Offline Scan in #Windows11 #Windows10 #MicrosoftDefender https://t.co/lO8mrDbhJ7;netral
majorgeeks;"Lots of updates &amp; some really cool new stuff to play with! https://t.co/LijufqWYm9 #software #Tech #Technology #Apps #download #OpenSource #freeware #Tools #Windows11 #Windows10 #Windows7 #Windows8 https://t.co/yDIDViqCy0";positif
no_fkng_way;I fuycking hate windows 11;negatif
QS2Point;Microsoft still working on 3D emoji for Windows 11 https://t.co/Idbcp0u1zy vía @Verge #Windows11 #emoji #software #3D #branding #design #messaging;netral
